<?xml version="1.0" encoding="utf-8"?>
<demonsaw version="2">
	<clients>
		<client enabled="true">
			<name>Client</name>
			<router>
				<address>bucket1.demonbucket.com</address>
				<port>80</port>
			</router>
		</client>
	</clients>
	<routers>
		<router enabled="true">
			<name>Router</name>
			<address>127.0.0.1</address>
			<port>80</port>
			<servers>
				<server enabled="false">
					<name>Bucket1</name>
					<address>bucket1.demonbucket.com</address>
					<port>80</port>
				</server>				
			</servers>
		</router>
	</routers>
</demonsaw>
